"gene","coef"
"FERMT3",0.43915669880955
"CLCN5",0.308428966133149
"DUSP7",0.456107980646349
"CSRP1",0.43895121241446
